,id,subreddit,created_utc,title,selftext,permalink,num_comments
50,obffrr,teenagers,Thu Jul  1 08:57:20 2021,Australians don't have sex,they MATE,/r/teenagers/comments/obffrr/australians_dont_have_sex/,8
78,obhvr2,teenagers,Thu Jul  1 12:09:29 2021,I don‚Äôt know what to do. I‚Äôm just so mad and confused,"So my cat is an indoor-outdoor cat, she goes in and out of the house pretty regularly but she hasn‚Äôt been home in the last 3 days, I mean she‚Äôs done that once before but I‚Äôm really worried about her since we just had two 110¬∞F days in a row and yesterday was 80¬∞, and today marking the 4th day was about 75¬∞ so it‚Äôs been pretty hot and she hasn‚Äôt stopped by to get a drink of water and cool down. I‚Äôve checked all of her usual hunting grounds and even checked up in the trees. She is a very capable cat and I‚Äôm sure either someone took her in for a few nights or she ventured out a little far and is just being ornery. I am worried though that something did get her and I can‚Äôt help but think the worst even though I‚Äôm trying to be positive. I just can‚Äôt help thinking she died outside alone, scared, and in pain. I haven‚Äôt seen a body or smelt any foul odors coming from the yard though and I have seen a pile of feathers (a bird she would have killed) which is where most of my hood is coming from. The part that makes me mad though isn‚Äôt the fact that she‚Äôs not back it‚Äôs the consequences and discussions we are having because she hasn‚Äôt shown up yet. My little sister (9) on the first day she didn‚Äôt come home said ‚Äúif the cats dead can I get a hamster‚Äù which really pissed me off and I yelled at her then and there telling her that‚Äôs disrespectful and rude in front of our parents. My dad is just like me being hopeful that she will show up but I can tell it‚Äôs just a cover and he doesn‚Äôt believe 1/2 of what he says and is only pretending to be hopeful just to make me happy but I don‚Äôt care because I prefer that over the alternative. My mom is just like my sister, just tonight she said ‚Äúsomething probably got her, but don‚Äôt worry we will get another cat, but it will never be as good as yours‚Äù which also pissed me off because she hasn‚Äôt even been gone for a month, why is she taking about getting another animal. When I was my little sisters age about 9, I had an American bull dog that passed away from health issues and what not and I started talking about wanting another dog about a week after her passing and I got yelled at by both parents about how it‚Äôs disrespectful to talk about getting another pet so soon. And I scolded my parents when my sister said what she said because they didn‚Äôt have the same discussion with her as they did me. They then got mad at me saying ‚Äúshe‚Äôs too young, she won‚Äôt understand‚Äù which really ticked me off because I got that discussion when I was her age what‚Äôs the difference between me and her. All evidence I have shows that my cat is still alive and we are going to my local vet tomorrow to see if any strays that look like my cat have been brought in. But my cat is very intelligent, very predatory, and is a bad ass cat so if there‚Äôs any cat that can take down other predators twice her size it‚Äôs her. She will make it back home and I will refuse to believe something killed her until I have cold hard evidence in front of me. Sorry for the long rant but this is very stressful and angering for me and I don‚Äôt have anyone else to talk about this with without making them mad and upset. I will keep everyone updated for the next week on the status of my cat but after that I think all hope is lost.",/r/teenagers/comments/obhvr2/i_dont_know_what_to_do_im_just_so_mad_and_confused/,0
11,oc347m,teenagers,Fri Jul  2 07:53:51 2021,i just realised...,"in america legal age for sex is 18 right... but when they gave the talk they never mentioned that... ""use a condom then do whatever the fuck you want""",/r/teenagers/comments/oc347m/i_just_realised/,13
78,od3pql,teenagers,Sat Jul  3 21:37:35 2021,Random ass question,Isn't Florida kinda like American Australia?,/r/teenagers/comments/od3pql/random_ass_question/,10
14,odh2qv,teenagers,Sun Jul  4 12:34:08 2021,Introducing. ad thing,"(In the most feminine voice possible) 

Are you tired of your dick being 1cm long?

Tired of having a non visible erection?

Tired of taking baths and smelling like flowers?

(In the manliest voice possible)

Then fear not, introducing man soap.

Makes your giga dong into a mega giga dong reaching up to 10meters long(10 meter sticks for Americans)

Erections reaching into 1km long.

Makes your dick completely indestructible.

And you'll start smelling like cigarettes, gasoline, oil, gunpowder and much more.






^(warning: women using this soap will grow a dick that cannot be cut off)",/r/teenagers/comments/odh2qv/introducing_ad_thing/,34
98,oduwcq,teenagers,Mon Jul  5 01:53:12 2021,Part 3 of British/Irish slang Americans can use on holiday,"Scrap-sex

Bird-netflix eg having a scrap over a bird means netflix and chill

Shades-gangsters

Roadman-member of lgbt community",/r/teenagers/comments/oduwcq/part_3_of_britishirish_slang_americans_can_use_on/,0
99,oduwcr,teenagers,Mon Jul  5 01:53:12 2021,Part 3 of British/Irish slang Americans can use on holiday,"Scrap-sex

Bird-netflix eg having a scrap over a bird means netflix and chill

Shades-gangsters

Roadman-member of lgbt community",/r/teenagers/comments/oduwcr/part_3_of_britishirish_slang_americans_can_use_on/,18
19,oenivt,teenagers,Tue Jul  6 07:17:05 2021,My parents went out for 4th of july and left my ass alone," and I said ""wait...where y'all going? Aren't we supposed to hang out? It's the 4th."" and they were like ""nah, you're good this year. We going on a date."" To ease the butthurt, I went to a barbecue and got a american flag hat to get into the spirit cause apparently my parents don't care, lmao. I got a fried pork sandwich, and hung out with one of my friends (also my crush but I still haven't told him yet) to play video games. We also watched Ernest and Celestine. We also walked up to a lot and saw a bunch of fireworks going off, and got some good ass lemonade. Ngl I liked that day a lot.",/r/teenagers/comments/oenivt/my_parents_went_out_for_4th_of_july_and_left_my/,9
63,oevu5c,teenagers,Tue Jul  6 17:17:47 2021,"Don‚Äôt let your parents make you think that material possessions equal good mental state (most of the time, I know there are exceptions)","Disclaimer: I am on mobile since my parents took my pc away for being late to swim practice (what the fuck kinda punishment is that??), so excuse formatting pls thx.

I fell in to this trap from day one, and it was okay until I was about 13 years old. The point when you start maturing is when you realize how much the title actually means, and I was very late to the party. I asked my parents for things since I even knew that I could. I admit, I was a pretty awful kid. I was always asking for things (rarely got them) and was never very thankful when I did get them. This put me in bad standings with them that I never realized. So when my time came that I found the glory of the personal gaming computer over a console, I immediately started thinking about getting one. It would be a whole ass year of research before I was even close to getting even a slightly powerful pc. Once I did it was all downhill from there, out of nowhere my mom started beating my sister for small problems and I got the side effects of that. I started using my pc more and more to escape my family and try to get my emotions in check. It didn‚Äôt work at all. My mom started getting abusive towards me whenever I tried to escape them. I started getting in discord calls with my friends even more than I already did,resulting in my mom starting to call them racial slurs because of them being from India and Nepal and me being a completely white male in America. They would criticize every single thing they did for no reason whatsoever. After all of the racism towards my friends, they would repeatedly get pissed at me for even being related to them, which would in turn get me pissed at my parents. However these friends would have extreme respect for their parents since they were spoiled like crazy. So whenever I complained about my parents they would get mad at me for complaining since I was ‚Äúspoiled.‚Äù Then once one who was kind of the leader of the group got u and left me, all the others left as well. At that point i was stuck with two friends who I couldn‚Äôt play games with, couldn‚Äôt meet in person, and could barely talk to at all anyways since I never had any free time away from my parents. The next four months of my life would be an absolute shit show since I was stuck with nothing to do and no one to talk to. Then, finally! The leader of said group of friends was finally into talks to play a couple games together again! Everything was starting to look up again and I thought I might finally have something to do. Yeah then he fucken backstabbed me and I was stuck alone again -__- Then we get to present day finally, my mom being extremely abusive and me just occasionally being late to swim practice. All I did was be late to today‚Äôs practice since my alarm didn‚Äôt go off for some reason and now I‚Äôm stuck without power in my room for the next week and not being allowed out of the house or in a room with locking doors. Life sucks.

TLDR: Title, don‚Äôt get too attached to possessions unless it actually helps you to find something you like or friends you like. I know from experience its awful if combined with shitty parents.

Please tell me if there are any grammar/spelling mistakes.",/r/teenagers/comments/oevu5c/dont_let_your_parents_make_you_think_that/,3
78,oeyux7,teenagers,Tue Jul  6 19:47:59 2021,Just quit the closest thing I had to a first job.,It was only for thirty minutes that‚Äôs how long I fucking worked at this shitty Walgreens store. I found a more efficient way of working but they told my ass no. It was checking the expiration date to cereal boxes and legit all of them are set to expire a year from now instead of thirty days like they are worried about. I‚Äôm assuming all of them are not going to expire any time soon so i found a much more efficient way to work faster. I was just working smarter not harder and look what fucking happened to me. I wasn‚Äôt meant to be a slave to corporate America or to work under this fucked system. Maybe some of the dumb fucks on this sub and Twitter are right about eating the rich. In short fuck wage cucking I think I might just leech off unemployment or disability forever or perhaps perform a more permanent solution,/r/teenagers/comments/oeyux7/just_quit_the_closest_thing_i_had_to_a_first_job/,24
48,of9zrm,teenagers,Wed Jul  7 05:39:35 2021,somebody done fucked me in my ass üòé,"My fellow Americans üòé

The Mujahideen have fucked me in my ass üòé",/r/teenagers/comments/of9zrm/somebody_done_fucked_me_in_my_ass/,21
80,ofom72,teenagers,Wed Jul  7 21:13:11 2021,Y‚Äôall ever feel totally content and fine with life and then at night when you‚Äôre suppose to be asleep get super depressed?,"Because I felt that last night and it sucked ass. Just thinking about like how idk if I‚Äôm ever gonna actually get into a relationship with someone. Like I‚Äôm in Year 9 (I believe that‚Äôs 9th grade for you American folk) and I still have never had a gf. And it‚Äôs not like I can‚Äôt talk to girls and shit or that most people think I‚Äôm a weird cunt (you‚Äôre gonna have to excuse my use of the word cunt as I‚Äôm Australian), I‚Äôm actually a pretty sociable guy. I just get the feeling that most girls kinda just think of me as ‚Äúyeah he‚Äôs funny but I wouldn‚Äôt date him‚Äù. Tbh I don‚Äôt really know why I‚Äôm making this post, just kinda wanted see if anyone has had this issue of night time depression.",/r/teenagers/comments/ofom72/yall_ever_feel_totally_content_and_fine_with_life/,1
27,ogngd3,teenagers,Fri Jul  9 06:47:25 2021,I nearly threw up my watermelon,"My best friend is from the south, gorgeia to be exact.
She has a really strong accent sometimes so we where arguing pants, trousers, miter cycle motorbike
Ya know British and American besties things. She was calling for her mum literally screaming MAMA 
and I was like WHY ARE YOU CALLING HER MAMA üíÄüñêÔ∏è they where yelling about trucks
Then I said something along the lines of 
""Jesus fucking Christ your mum is a whole ass vibe rn""

She released a sleep of creative ways of saying potty mouth on was, rotten teeth. I laughed and nearly threw up a mix of watermelon and monster.
I am still in Spain without the S 

AHHHHHUFWFAJ AS",/r/teenagers/comments/ogngd3/i_nearly_threw_up_my_watermelon/,4
88,ohmgqz,teenagers,Sat Jul 10 20:02:30 2021,"""do you have autism"" Heres how i got put into special ed for wearing the wrong shoe size","I got asked that at least 7 times a day. Must be very obvious. My autstic stimming ass i mean haha. I was maybe 5 and i started school, never went to preschool. Didn't know a lick of English despite being well... American. My shoes must of been 2 sizes too small and squeezed my toes together. 

I couldnt say ""This makes me uncomfortable"" So i just dealt with it. Anyways i get to school and we are readin the very hungry caterpiller or something. I want to say ""Hey my feet hurt"". But instead i moan and groan very loudly and go ""GRygHGHGHGHg AHUHUHUHUHUHUHUHUH"". They bring in this woman wearing a rainbow puzzle piece ribbon and she goes ""Hiiiii, why do you moan in class"". ""MY FEET FEEL WEIRD mUHAGHGHGHGH"". 

Needless to say i spent kindergarten in special ed. My dumbass couldnt count to 7.",/r/teenagers/comments/ohmgqz/do_you_have_autism_heres_how_i_got_put_into/,3
65,oii5vw,teenagers,Mon Jul 12 05:31:16 2021,"Ah yes, this is me, a lesbian who is a warmonger more crazy strong, a big bad supercharged sex machine, all American extra lean ü•¥",,/r/teenagers/comments/oii5vw/ah_yes_this_is_me_a_lesbian_who_is_a_warmonger/,11
12,oinhjq,teenagers,Mon Jul 12 11:59:18 2021,attention all hot girls...,"please dm me. i am looking to talk to hot girls. 

i am required by law to state that i am a registered sex offender as of 2011 in the united states of america",/r/teenagers/comments/oinhjq/attention_all_hot_girls/,7
87,oj4ivs,teenagers,Tue Jul 13 03:43:47 2021,I feel like I am messing my life up,"So once again it‚Äôs 2 am and I‚Äôm in my rant mode. 

Lemme summarize my life so that all of this is more understandable:

In primary school I was one of those gifted children who never studied for anything and always got the best marks. It was probably the best part of my life (yeah I know, I peeked in elementary school). I even got overconfident because everybody praised me for my intelligence. 

So due to my good grades and stuff I got into a pretty challenging middle school. If you haven‚Äôt realized it by now, that‚Äôs when everything went downhill really fast. My grades started having constant seizures (I got an A on one test and a D on the next one). My GPA starting travelling to the center of the earth. I don‚Äôt know how exactly the school system works in America, but here when you fail one of your classes, you have to repeat the whole school year. Fortunately for me that had never happened to me however there were many occasions were things got pretty close. Subjects like Latin kicked my ass however somehow I managed to pass with B being my average grade. 

Anyways that sound like a semi-happy ending right? Oh fuck no because I‚Äôm in high school now. I just got through my freshman year and I literally almost got an F on six subjects. I ultimately managed to correct all of them, but that‚Äôs still pretty atrocious. About a third of my class failed and has to repeat this year and honestly I feel really bad. Some of them actually put in a lot of effort and still didn‚Äôt manage to pass while I‚Äôm just here doing absolutely nothing. 

The other thing is that all of my friends are like extremely successful. They‚Äôre winning competitions and shit while I‚Äôm just here doing absolutely nothing with my life. I‚Äôm scared that I am wasting the time where I‚Äôm actually able to learn so much on watching youtube. I always want to learn so many things but the only times my brain actually is ready to learn something is after midnight. 

Honestly, I'm messing my whole life up",/r/teenagers/comments/oj4ivs/i_feel_like_i_am_messing_my_life_up/,9
94,ojk9ll,teenagers,Tue Jul 13 20:20:29 2021,The US Air Force is full of Christian Evangelical fanatics,"https://www.acc.af.mil/News/Article-Display/Article/2683923/childhood-adversity-drives-airmans-passion-for-diversity-inclusion/

Fuck those religious conservatives in the military!

And fuck American teens! They should be more willing to share their culture of free love and free sex!

Why can't American culture win?",/r/teenagers/comments/ojk9ll/the_us_air_force_is_full_of_christian_evangelical/,4
96,ojkjcu,teenagers,Tue Jul 13 20:33:14 2021,Why are American teens mean and won't share their culture of free love and casual sex?,"https://www.acc.af.mil/News/Article-Display/Article/2683923/childhood-adversity-drives-airmans-passion-for-diversity-inclusion/

""It was the heckling from other kids that truly cut Flavia the deepest. As young Romanian girl in a new country where she barely spoke the local language, Flavia Carver learned early that some negative preconceptions are picked up at a very young age, and she experienced how painful it is to be the object of others‚Äô prejudices. The taunts and jeers from her peers for her to ‚Äúgo back to your own country‚Äù hardened her skin, and it also solidified her fervency for seeking justice and encouraging inclusion.""

Instead of being bullies we should introduce newly arrived immigrants to the culture of casual sex and consumerism.

Our bullying is why there is no more assimilation in America.

Why did America do a better job of assimilation back in the 1950s and 1960s?",/r/teenagers/comments/ojkjcu/why_are_american_teens_mean_and_wont_share_their/,3
97,ojky00,teenagers,Tue Jul 13 20:52:47 2021,Why were people nicer and better looking in the 90s?,"I heard that a white immigrant girl from Eastern Europe was bullied because of her accent and her family had different ways.

I heard teens in the 90s were more welcoming and more willing to introduce newly arrived immigrants to the American culture of casual sex, partying, and shopping at Malls.

What happened to us?

Why did society used to be so good looking and welcoming? Why was society so eager to assimilate? 

There seems to be more ""neckbeards"" now.",/r/teenagers/comments/ojky00/why_were_people_nicer_and_better_looking_in_the/,7
34,ok9nqy,teenagers,Wed Jul 14 20:50:21 2021,what do australians say during sex?ü§î,"‚Äúoh fuck yea cunt‚Äù

‚Äúyou like the taste of piss, do ya?‚Äù

‚Äúthis one‚Äôs for the queen‚Äù",/r/teenagers/comments/ok9nqy/what_do_australians_say_during_sex/,2
8,okmfzi,teenagers,Thu Jul 15 08:43:28 2021,I fucking hate how I can't even talk about China without someone holding me personally accountable for all the horrible things the Chinese government is doing.,"Let me preface this by saying I DO NOT support the Uighur genocide in ANY way and I think Hong Kong should be independent because I know some little edgelord is going to accuse me of being a Chinese propagandist.

I was telling some people about how I thought that China had a better pandemic response than America, and immediately like six different people started asking me shit like ""oh you support the Chinese government genociding Uighurs then???"" ""Oh so you don't want freedom for Hong Kong???"" ""Wow you're just gonna gloss over [insert horrible thing the Chinese government is doing here]???"" 

The thing is this happens EVERY time I even try to insinuate that China did something better than America. Like when I mentioned that I thought Americans tend to have a much lower opinion of China than I do and got the same response. Or when I said Chinese education teaches students more things. Or even when I said I liked Chinese food better than American. 

Or even when I correct someone's misconception about China. ""No, the one-child policy doesn't mean that the government gets to execute one of your family members if a second child is born. It just means you have to pay a fine."" ""Well isn't someone just a good little Chinese propagandist?"" Like wtf no I just don't want this misinformation spreading around.

If I tell people I don't want to talk about it I get shit for enabling it, as if my born-and-raised-American ass can do anything about it. I don't have a direct phone line to the Chinese government and even if I did, you think they'd listen to a random teenager? Tf

Or if I continue the conversation and agree that yes, I think genocide is bad, but I don't hate China with a burning fucking passion and am not ashamed of being Chinese, somehow people ALWAYS twist it into I'm advocating for genocide.


And... why the fuck can't I just have some topics I don't want to talk about? Genocide is depressing and it's fucking exhausting when it's all people want to talk about just because I'm Chinese. If I went around asking people about the Holocaust every time they mentioned something vaguely German, I'd be a huge dick, but it's okay when someone else does it to me since I'm Chinese?

What the fuck is this? Can I not talk about my culture without a barrage of people telling me I should be ashamed of myself and my heritage or else I'm supporting genocide? I can't even tell people that I think Chinese grammar is more intuitive than English without at least one person accusing me of genocide at this point. I'm so sick and tired of having to defend myself against all of these accusations just because some people who happen to look like me are being assholes in the worst possible way.

Anyways sorry I just needed to rant away from all those people who accuse me of genocide bc they'd have a fucking field day with this.",/r/teenagers/comments/okmfzi/i_fucking_hate_how_i_cant_even_talk_about_china/,5
3,ol4woe,teenagers,Fri Jul 16 02:46:43 2021,I need to rant,"I hate how America is going to shit, it‚Äôs slowly and slowly becoming socialist and I love living here but by the time I get my self into a spot where I can myself stable enough I have to move into a whole ass different country because America became socialist and I can‚Äôt do anything about it. I would try and be the future I want to see but my issue is that I can‚Äôt do that shit that‚Äôs just not what I do so I just don‚Äôt know where America will end up after nearly 300 years of being a country.",/r/teenagers/comments/ol4woe/i_need_to_rant/,21
21,ol6v3f,teenagers,Fri Jul 16 04:42:54 2021,Gen Z - a generation thrown into the chaos of the 21st century without directions.,"Remember, WE are the pioneers of the 21st century. WE will be the ones living through the new age they call ""the fourth industrial revolution"" - a technological boom/growth so advanced and so rapid NEVER before seen in human history.... it's terrifying, I know. We're barely 20 years into this new chapter of history and it's up to us to chart the uncertain future. 

Just look at how far the internet has evolved - what used to be the wild west has slowly, over time, evolved into a large digital landscape full of ""cities"", communities, strange back alleys, secrets, memes and factions. 

I understand the dissatisfaction with the real world. Travelling anywhere is a pain in the ass, America's infrastructure is collapsing, political discourse is at a critical point and to top it all off there's a pandemic that just doesnt seem to end. So why interface with reality when you can travel anywhere and everywhere on the internet. 

Hot women? Cute femboys? Check!
Funny vloggers, streamers and influencers? Check! Strangers from all over the world who can relate to your pain? Check! 
A growing, empathetic LGBT community? Check!
Memes, history videos, fan art, surrealist content galore! The internet has it all!

Everything except physical intimacy... but why bother when it's so much easier to communicate online. Behind an avatar where you don't have to think off your feet to have a conservation. Where your looks and your behaviorism and your tone of voice dont have to get in the way of interacting with others...

And there then comes the split between the online you and the real you. The funny persona on reddit versus the deeply hurt quiet kid in the back... 

I cant tell you how often I look up from my screen and the real world looks foggy. The textures feel bland. And if I'm not looking at the screen for too long, then comes the FOMO...

So how do we integrate ourselves back into the real world - how can we look at reality again with fresh eyes,  a fresh perspective? Idk guys, it's a struggle....  but I'm right here with all of you trying to figure this BS out because at the core of this mess we call existence, there is always an ecstatic truth worth fighting for and I hope one day we can all find it. Whatever it is.",/r/teenagers/comments/ol6v3f/gen_z_a_generation_thrown_into_the_chaos_of_the/,17
68,olcov3,teenagers,Fri Jul 16 11:29:05 2021,Yo I‚Äôm a 17 male. Brazilian raised 8 years in America. I‚Äôm just wondering if anyone got any random ass questions they could ask me. I‚Äôd. What it is I‚Äôm just bored,,/r/teenagers/comments/olcov3/yo_im_a_17_male_brazilian_raised_8_years_in/,23
80,om8zqo,teenagers,Sat Jul 17 20:45:11 2021,Americans be like:,"‚ÄúDrinking alcohol is bad for you. That‚Äôs why you need to be 21 to drink it!‚Äù And then turn around and eat a big mac, with 3 lbs of fatty big mac sauce on it, salty-ass, greasy-ass fries and wash it all down with a large coke. Makes sense‚Ä¶",/r/teenagers/comments/om8zqo/americans_be_like/,67
71,omv47p,teenagers,Sun Jul 18 20:29:44 2021,"American teenagers, why in the world are you all so horny?",I mean I'm French and I just can't understand,/r/teenagers/comments/omv47p/american_teenagers_why_in_the_world_are_you_all/,29
19,ongc2f,teenagers,Mon Jul 19 18:29:02 2021,My non- American ass waiting to hear all the stories about drugs and guns üçøü§èüëÅÔ∏èüëÑüëÅÔ∏è,,/r/teenagers/comments/ongc2f/my_non_american_ass_waiting_to_hear_all_the/,11744
34,onk3im,teenagers,Mon Jul 19 21:30:31 2021,i hate how people think i only want my boyfriend for sex,"my boyfriend is 6‚Äô3, pretty buff, blond, and is basically a generic american dude, which you know is my type i like generic american dudes, but i dont just like him for his looks i like his personality too, but when people see us together they just automatically assume we‚Äôre together for sex, they assume we dont like eachother as humans, they assume nothing serious can ever happen between us because hes good looking and im just using him for looks and don‚Äôt actually care about him, i hate that people think its alright to say stuff like:

‚Äúi wonder how many guys you‚Äôve gone through that look exactly like him‚Äù

‚Äúyou just want to use him until he realizes you‚Äôre a jerk and then move onto another guy who looks exactly like him‚Äù

‚Äúyou probably dont really like him you just want him for status‚Äù


and after you hear shit like this enough times it feels like its the truth",/r/teenagers/comments/onk3im/i_hate_how_people_think_i_only_want_my_boyfriend/,6
34,onx4iz,teenagers,Tue Jul 20 10:16:15 2021,"sorry fellas, but Bee Movie the 2007 American computer-animated comedy classic produced by DreamWorks Animation, stays on during sex",,/r/teenagers/comments/onx4iz/sorry_fellas_but_bee_movie_the_2007_american/,2
99,oo7gb8,teenagers,Tue Jul 20 21:03:26 2021,r/teenagers humor,"Shrek funny Keanu Reeves holesum 100 america bad school shootings im horny haha frog cuz Wednesday femboy skirt

add the ones I forgot",/r/teenagers/comments/oo7gb8/rteenagers_humor/,10
3,oo7tvo,teenagers,Tue Jul 20 21:21:31 2021,Please tell me stuff like that doesn't actually happen.,"I am few episodes in euphoria, i just wanna know if things like that actually happen in real life. I am not American and I don't wanna believe that such substance, sexual and mental abuse is common with actually teenagers in developed parts of the world. Or is it exaggerated to emphasize art or social message related stuff? Not to public in general but to minors.",/r/teenagers/comments/oo7tvo/please_tell_me_stuff_like_that_doesnt_actually/,7
73,ooip96,teenagers,Wed Jul 21 07:24:24 2021,Some people are just damn ungrateful,"So I know this is probably going to get downvoted to shit but hear me out Atleast. So I live in America and I‚Äôm always hearing my super political and feminist mom blabbering about how America sucks and that we‚Äôre also a ‚Äúcommunist state.‚Äù But the way I see it, there‚Äôs countries like Africa, where some people don‚Äôt have access to clean water and food and shit. But she just lays in her bed all day, on tic toc, in a nice, air conditioned room and complains how shitty her life as an American citizen is. Now I‚Äôm not very patriotic‚Ä¶ but I‚Äôm more than great full that I live in America because I have the assurance that i have water and food and shelter, unlike some places in the world. I also mention that she supports feminist and woman‚Äôs rights heavy, which I disagree with because I believe men and woman are already equal but anyway, if she really wants to fight for ‚Äúwoman‚Äôs rights,‚Äù then she should be fighting for the women who live in The Middle East where women get there fucking clits cut off at birth because the Muslim religion states that women aren‚Äôt allowed to have pleasurable sex. To the guys out there, that‚Äôs on the same level of someone cutting our dick-heads off when we are first born, we wouldn‚Äôt be able to bust a nut! Idk I just find some people forget how good some of us have it and forget even more about the people who have less than us.",/r/teenagers/comments/ooip96/some_people_are_just_damn_ungrateful/,19
9,op8fsr,teenagers,Thu Jul 22 09:41:15 2021,im so fking annoyed,"I was texting with this group of people who live in the UK and because im the only american, i try to use words they're familiar with. I accidentally called what they call ""football"" smth an american would say. Which is ""soccer"". and then I was like ""my bad lol"". but then one of them typed this letter for letter: ""soCceR"". What a fking pussy. literally how can u have such a culture shock from a fucking word. The word originated from ur fking country. Pussy ass mf. And then we got into another debate about football(american) vs rugby. THEY CALLED FOOTBALL GAY RUGBY. ong ur so dumb if u think that doesnt matter where u from. fkn bunch of dudes going full speed towards eachother with goofy ass helmets and no pads.",/r/teenagers/comments/op8fsr/im_so_fking_annoyed/,10
28,oq6jw9,teenagers,Fri Jul 23 19:56:36 2021,Alright fellow teenagers.,"We all know the American school system is so ass we'd rather be in a more sophisticated school system.

But what about it is stupid specifically?

I'm making this post just for information and for the kids outside the U.S",/r/teenagers/comments/oq6jw9/alright_fellow_teenagers/,15
8,oqtubm,teenagers,Sat Jul 24 19:59:17 2021,"I've noticed a cultural theme, at least in American society. It's innocent until proven guilty, unless the matter in question is about something a guy did to a girl, then instantly about 80% of people automatically believe the woman without considering the consequences for the guy if she's lying.","Woman says a male in her workplace makes her uncomfortable? They instantly believe her and fire the male 90% of the time, the other 10% is toxic in the opposite way though, with an atmosphere of sexual harrassment.

Female fakes defensive/abusive injuries on herself and calls the police? BAM, instantly the dude is arrested, no matter what the guy or other witnesses say. Even if only the male has injuries and he's the one who called the cops 90% of the time they're both getting arrested or just him. 

And of course the biggest example, false rape claims. If the male isn't a member of the upper class, when a woman publicizes a rape claim it basically destroys that man's life, even if eventually the courts determine that the woman made everything up. (This is a whole separate issue from the low incidences of rape convictions and reporting, please do not bring that up, those topics have been done to death already.)

(Secret code, ignore this part. TIASSTITP)",/r/teenagers/comments/oqtubm/ive_noticed_a_cultural_theme_at_least_in_american/,24
12,oqu4sr,teenagers,Sat Jul 24 20:15:19 2021,what are the requirements for an African American human to obtain some Anguilla sexual organ?,# pls don't kill me/crucify me/ban me...,/r/teenagers/comments/oqu4sr/what_are_the_requirements_for_an_african_american/,4
20,oru057,teenagers,Mon Jul 26 10:42:12 2021,I've only gotten 4 hours of sleep in the past 23 hours,"Please help me i feel like im seeing shit andni understand nothing and everything I think jm delirious butnim also bored as fuck I'm also ass at spelling rn lmao, anyone wanna talk and have an interesting conversation with a sleep deprived American traveling across the country?",/r/teenagers/comments/oru057/ive_only_gotten_4_hours_of_sleep_in_the_past_23/,7
39,osc974,teenagers,Tue Jul 27 03:44:12 2021,America‚Äôs Dick,,/r/teenagers/comments/osc974/americas_dick/,16
39,osr7dv,teenagers,Tue Jul 27 20:24:12 2021,I can't watch those particular films anymore without some form of regret for my lost teenage years that I fully didn't get to take advantage of at all.,"The New Mutants 

It

Spider-Man Homecoming

The Queen's Gambit

Spider-Man Far From Home

It chapter two

Thoroughbreds 

Katie Says Goodbye 

Emma

Sex Education

Marrowbone

Enola Holmes 

Masters of Sex 

The Fault In Our Stars

Cobra Kai

Paper Towns

Fear Street

American Pie

Ma

Blockers

The Lovely Bones",/r/teenagers/comments/osr7dv/i_cant_watch_those_particular_films_anymore/,0
40,osro10,teenagers,Tue Jul 27 20:50:04 2021,i honestly want to vent,"( MAJOR cw for bsfw topics, child p0rn and possible gr0mming )

ive never told this to anyone in my life, but i think getting it out there may help (therapy is expensive, venting on reddit is free).

this all happened when i was around the age of 9-11, in other words VERY young. i watched youtube videos of people going on omegle, and just seeing what would happen. i wanted to copy them, one thing led to another and soon enough i was doing extremely explicit shit for men old enough to be my dad. doesnt help that i hit puberty in 3rd grade, so i definitely didnt look my age back then (you dont see many 10 year olds with c-cups)

i remember one incident that happened. some fat guy in a sailor moon costume had asked me to record him drinking his own cum, hoping that this would get him viral. another guy asked to see my feet. 

i remember another incident. i was really into overwatch at the time, and i was drawing a headshot of tracer (it was actually kinda good, but i threw it in the garbage about a year ago). i was on omegle while i was drawing the headshot, and soon there was a guy that asked to see me without a shirt. for some reason i was wearing a bra (idk why, it was like midnight when this happened), so i took it off. i quickly left after that because i was hella creeped out (as if doing all that shit i did before this wasnt creepy enough), and eventually i landed on the same guy. turns out he WAS RECORDING ME WHEN I TOOK OFF MY SHIRT. that motherfucker was using it was blackmail. i still hope that guy has a very painful death. thats all he deserves, as well as the other pedophiles i interacted with. i couldnt give a shit if thats harsh, those assholes gave me trauma. 

the interaction that started all of this was probably when i met an australian guy on omegle. he had just gotten done surfing and his black hair was wet, i think he was white? not sure. anyway, we talked around for a few minutes, i showed him my boobs and i think after that he showed me his dick. don‚Äôt remember much after that. this incident was probably the one that started my underage-camgirl faze. luckily around 5th grade i stopped doing that shit. 

tl;dr, please please PLEASE dont share your nude body online, especially if your a minor. i was hella impressionable and easy to manipulate back then. if anyone tries to see your privates, always say no, even if they get mad. dont back down.",/r/teenagers/comments/osro10/i_honestly_want_to_vent/,6
69,otdh62,teenagers,Wed Jul 28 19:30:39 2021,Yeah sex is cool,"But have you ever needed to take a shit really bad out of nowhere while you are only a few meters away from a toilet? 


(A few meters = approx. 1 garbage truck for my americanskies)",/r/teenagers/comments/otdh62/yeah_sex_is_cool/,13
73,otdxs4,teenagers,Wed Jul 28 19:53:27 2021,Australian here and I just had an epiphany,On so I was watching some trash ass tik-tok compilation on youtube and there was something about the east-coast and the mid-west to which the girl started doing to acronym thing never eat soggy ---- but when she went to say the one for west instead of saying weetbix she said waffles... I am now going into cardiac arrest.,/r/teenagers/comments/otdxs4/australian_here_and_i_just_had_an_epiphany/,0
79,oteu7w,teenagers,Wed Jul 28 20:37:28 2021,"Alright so I met one of my bestfriend's friends and I don't think I lile her (She's American and I'm Asian, I haven't met a lot of people from America so I'm new to people like her)","Alright I'll start off with a Prince reference

Good Morning ladies and gentlemen, boys and motherfucking girls, this is your captain with no name speaking and I'm here to rock your world

Okay, firstly, this isn't strictly American people I just wanna point out she's American because it might help give context? Sorry if I come off as racist.

She's your average twitter girl that you see and just laugh at because of all the stupid shit she tweets (Also lesbian, all for that no racism, which she sucks at, hate all men, etc, that type of stuff)

So we were in a call and everyone in the call was straight except her, and she called us homophobic for being straight, I'm not homophobic but people like this are the reason why I don't really wanna be with gay people, don't get me wrong, I have gay, lesbian, and bi friends, it's nice to be around them, they're nice.

Another thing is that she kept saying how all men are trash, like, can she even hear herself? What she's saying is blatantly sexist, and she goes like ""it's only sexist if it's toward girls"", Not all men are like this, and let's face the truth, most guys aren't even as bad as her. It really pisses me off how people generalize this, most of the time it's just teenage girls who've experienced one breakup, I can understand if you've been raped, mistreated, abused but if you're going to hate men just because someone told you to? That's low and pathetic. This applies to everything really, not just men.

Third is she was having trouble with her valorant (She called Valorant homophobic, she's so stupid it's hilarious) and we told her to search youtube for help and not asking us about it because we also don't know what to do, then she says she doesn't want that because that's going to support white people, and she's not racist. Excuse me? That's the dumbest thing I've ever heard, racism is basically hating on one or more races. And she says she's not racist....heh.. so dumb

4th thing I really hate is I was trying to help her with her val problem because she's too ""non racist"" and she wasn't appreciating that and she went ""if you're heterosexual, you're going to hell, also if you oppose or object that, you're also going to hell"", also a generic and stupid remark people like her make.

Last but not least, she told me, ""try opposing me and I'll go to twitter and cancel you, I'll call Trisha Paytas on your ass and make her do a talk show on your ass"" 
What are you going to cancel me for? I'm the one in the right, and you're clearly the offensive one here.

Another song reference,

Hello, Goodbye.",/r/teenagers/comments/oteu7w/alright_so_i_met_one_of_my_bestfriends_friends/,7
53,ots815,teenagers,Thu Jul 29 09:44:28 2021,why tf do i love him so much and why must he live in America,he can be such a dick but holy fuck i love him so goddamn much i wanna see him so badly ughhh,/r/teenagers/comments/ots815/why_tf_do_i_love_him_so_much_and_why_must_he_live/,23
67,odrz99,memes,Sun Jul  4 23:07:19 2021,That‚Äôs America‚Äôs ass,,/r/memes/comments/odrz99/thats_americas_ass/,45
96,oevkar,memes,Tue Jul  6 17:03:31 2021,That is America‚Äôs ass,,/r/memes/comments/oevkar/that_is_americas_ass/,44
15,ocxxq5,gaming,Sat Jul  3 16:19:35 2021,"In Fallout NV, convince me to side with the NCR?","Like, I'm a political Leftist so I basically always go Yes Man with the hope of setting up democratic councils and letting communities sort of do their own thing. I'd definitely cover my dick in honey and run through a forest full of Yao Gai before I sided with the Legion. 

The NCR is a a liberal democracy and I generally dislike its political structure, authoritarianism, imperialism, institutional corruption and so on. It's got the same problems America had during the 1860's and 1890's, which lasted to modern day. 

House is cool and probably the best long-term, but he is literally a Capitalist hoping to set up a corporate oligarchy with him at its head. I always think of Weyland-Yutani when he talks about going into space and sending out ""colony ships."" You'd be condemning everyone to fuedalism. 

So, aside from running it myself, the NCR seems the best option. I still severely dislike how it functions, but it does have the capacity to become better, as a democratic country with rights enshrined and the rule of law.",/r/gaming/comments/ocxxq5/in_fallout_nv_convince_me_to_side_with_the_ncr/,26
61,oof8nv,gaming,Wed Jul 21 03:49:47 2021,"Spoiler from the last of us 2, This game is a disaster from Abby's pespective"," i am not american

Why do you want me to care for a character that brutally murder the protagonist of the first game, Joel, and wasnt just a simple kill but Abby spent a lot of time torturing him ( I felt pretty bad when ellie had her flashbacks because his screams of pain echoing down the hall, haunts me as well ) and the others bastards just watch him dying.

Then her dad is just the ''white clean dude, the perfect father"" that help the zebra, oh cute...) but them he discuss the death of Ellie with marlene like he doesnt have a daughter of the same age?

Abby hade sex with the guy that has a pregnant girlfriend and then this same dude would have left her girlfriend alone to go with abby to find lev. Why i would care for this guy?

And the worst of all, is that every time I had a flashback with Joel, more and more i hated abby, because Joel was trying to be a better father for ellie and his decisions in the end of the first game, made him feel guilty and guilty make you feel softy inside, trying to be a better person.

And then abby shot the asian dude that discovered he was to be a dad, she shoots tommy, almost kill a pregnant woman. WTF made this character?

I like to play with abby but she is such a sociopath, she doesnt care when start to killing his own companions to save Lev.",/r/gaming/comments/oof8nv/spoiler_from_the_last_of_us_2_this_game_is_a/,18
29,obmz66,dating_advice,Thu Jul  1 17:27:50 2021,I‚Äôm beginning to feel like the importance of looks has been understated all of my dating life.,"
I‚Äôm 21 and I‚Äôve had no success in relationships or dating. This isn‚Äôt to make a pity post. This also isn‚Äôt to complain about the fairer sex, it‚Äôs just something I want to know if other guys have noticed. I feel like since I was a kid, the importance of my appearance in every aspect of life but most importantly for this post, in dating has been severely understated.

I have always been the ugly fat one, like if I was in a boy band I‚Äôd be that one token ugly guy that everyone‚Äôs like ‚ÄúWhy is he there?‚Äù I‚Äôve tried to not let it bother me too much but bullying was RELENTLESS. Honestly I didn‚Äôt get a break from it until college and I still caught shit for it until 2020 and I started wearing a mask and hiding from people.

Despite this I didn‚Äôt worry about dating too much from messages given to me by my family, friends, and America‚Äôs favorite babysitter TV. They always told me that the ugly nerd gets the girl because it‚Äôs all about personality and that if I work on myself the good will attract girls. Like look at any romcom from the 2010s. It‚Äôs all underdogs getting the girl because of their personality. 

I spent high school and early college working on myself. I took academics very seriously and did so well that I got awarded a full ride to my college where I still make the deans list consistently, lost the weight and got into pretty decent shape, I did a lot of extracurriculars and learned how to play the piano, I also volunteered and did community service as much as I could, I even taught myself how to cook when my parents refused to because I‚Äôm an guy.

I‚Äôve always been told that I have qualities women love. I‚Äôve been told by friends that I‚Äôm funny, intelligent, hardworking, compassionate and fun to be around and I don‚Äôt think they were just blowing smoke up my ass. I haven‚Äôt had a problem making friends with girls, but I just can‚Äôt even get a first date. When I go on dating apps I get no matches.

I think I rightfully feel like my biggest obstacle is the way I look. At this point I‚Äôm not sure what else it could be. The most unattractive features are things I can‚Äôt change and when I look in the mirror I just feel hopeless. The constant rejection is slowly tearing down my self esteem.

This may be dramatic but I feel like I was kinda tricked into thinking appearance didn‚Äôt matter as much as it does. I have good looking friends that do nothing but drink, party, and barely pass their classes and they do incredibly well and get beautiful girls. Maybe I just don‚Äôt see it but I don‚Äôt get how they do so well.

Does anyone else feel this way?",/r/dating_advice/comments/obmz66/im_beginning_to_feel_like_the_importance_of_looks/,10
10,ocuxo6,dating_advice,Sat Jul  3 12:40:44 2021,I want to give up on dating because of my race,"I want to give up on dating (possibility of build a family or/and getting married) because of my racial background (I‚Äôm black mixed). I am not american (I‚Äôm french) and never been there (so if you give me the example of african americans I can‚Äôt relate). I‚Äôve had (and still somehow) fight with BDD (body dysmorphic disorder) which made me deal with eating disorders and strongly hatred of my appearance. So recently I realized that the reason I was never satisfied with facial features is because of my racial background. I‚Äôve never experienced racism or even rejection because of my race. I‚Äôve never actively looking for someone. I had some ¬´¬†flings¬†¬ª but that‚Äôs it. I feel like black women (the worse it is for the darkest ones with the kinkiest hair) are at the bottom of the pyramid when it comes to attraction. They are portrayed in a negative way in society (angry, too strong, ghetto, vulgar, oversexualized, sex workers). Subconsciously people feel this way about them. Overall their features are perceived as unattractive. Regardless of my personality, I feel like the main reason for me to not be in a relationship it‚Äôs because of my race. I‚Äôm actually thin/ skinny, it doesn‚Äôt benefit me of anything, all I want to do is binge with crappy food (it makes me feel less alone and food can be hormonal pleasure) and become fat so at least I could fit the stereotype of the fat black woman undesirable that no one wants to f****. In what world it would benefit me to exercise (I used to walk a lot, do yoga some pilates,running and hiit) and be vegetarian/ vegan if at the end of the day I will end up alone of because of something I can‚Äôt change. In what world it would benefit me to wear makeup if after all I‚Äôm unattractive and girls of the same level of attraction (but of a different race) as me will always be prefered. When I see white girls or east asian girls I feel so envious of them, because I know they are the most desirable group of women. 

So please can you help me to change my view?",/r/dating_advice/comments/ocuxo6/i_want_to_give_up_on_dating_because_of_my_race/,3
54,ofov1k,dating_advice,Wed Jul  7 21:25:05 2021,How should I approach cultural differences with my girlfriend?,"So I‚Äôve been seeing this girl for a few weeks and we decided to be officially a couple this past weekend. She‚Äôs great and treats me well and I‚Äôm enjoying being with her. 

She is from Sri Lanka and only immigrated to Canada in September. She comes from a very traditional and religious culture and family. She is a practicing Buddhist.

I am your typical white Canadian guy from a non-traditional family that threw off its Christian values a generation ago.

We discover taboos with each other a lot. Sometimes it can be difficult to navigate and make one or the other uncomfortable briefly, other times it‚Äôs absolutely hilarious. 

Overall I am really enjoying the challenges with dating someone from a completely different culture. The issue that is bothering me comes to expectations of women. In her culture the woman of the house serves everyone and doesn‚Äôt sit to eat until everyone is happy. 

In our culture, or at least how I was raised. Nobody eats until everyone is sitting, you especially wait for the host to be sitting. This results in neither of us eating while I wait for her to sit and she waits for me to eat. It‚Äôs kind of funny sometimes but tbh it makes me super uncomfortable. We are taught that‚Äôs sexist in North America, but it makes her really happy to serve others.

The second issue is she is still a virgin. I‚Äôve had countless sexual partners and she seems to be fascinated by this about me. I think it kind of turns her on haha. She wants to start doing anal sex and we do everything but vaginal penetration. She‚Äôll even put my dick halfway into her vagina but not all the way. 

Im totally fine with her wanting to remain a virgin and don‚Äôt intend to pressure her. What bothers me is that to her and her culture, virginity is purely about having an intact hymen. That value no longer exists here and to us virginity is something total different. She got really scared when I told her that the hymen can be broken by fingering, yet she‚Äôs been fingering herself her whole life. I get the impression she has poor education about pregnancy and some other sex ed topics.

I don‚Äôt want to mansplain her body to her. How should I go about discussing my values around gender roles and sex as they relate to progressive, liberal, North American culture without seeming like I‚Äôm trying to force my culture on her?",/r/dating_advice/comments/ofov1k/how_should_i_approach_cultural_differences_with/,0
54,ojpzqx,dating_advice,Wed Jul 14 00:56:06 2021,His voice doesn‚Äôt turn me on,"I‚Äôve got a date next week. His Instagram link was in his bio and I had a sneaky peak. However his voice doesn‚Äôt sound very sexy, he‚Äôs Australian and it sounds quite high pitched at times. Should I still go?",/r/dating_advice/comments/ojpzqx/his_voice_doesnt_turn_me_on/,8
59,ojryc0,dating_advice,Wed Jul 14 02:39:52 2021,I haven‚Äôt felt a strong desire for a guy since my teens,"When I was a teen, I seemed to have sexual crushes on guys all the time.

Especially this one Australian guy who started at my work. Instantly I couldn‚Äôt stop fantasizing about him at night, it was intense. 

I never got to sleep with any of these guys I fancied  and now I feel stuck in a rut in that I never feel attracted to guys anymore like I used to.

I‚Äôm talking to this one guy who seems lovely and would be my usual type back as a teen but from his dating app photos I‚Äôm not fantasizing and thinking about sex with him. I don‚Äôt feel excited about him sexually. Is this normal before you‚Äôve met and was what I feeling as a teen lust but as an adult who wants a relationship, what I‚Äôm feeling now is more normal?

I wanna feel that burning desire like I used to, it felt so exciting",/r/dating_advice/comments/ojryc0/i_havent_felt_a_strong_desire_for_a_guy_since_my/,1
80,ojzdeq,dating_advice,Wed Jul 14 10:35:48 2021,Girls do you feel sexual desire for a man even before you‚Äôve met in person?,"Why don‚Äôt I ever fancy people anymore?

I haven‚Äôt felt a strong desire for a guy since my teens

When I was a teen, I seemed to have sexual crushes on guys all the time.

Especially this one Australian guy who started at my work. Instantly I couldn‚Äôt stop fantasizing about him at night, it was intense. 

I never got to sleep with any of these guys I fancied  and now I feel stuck in a rut in that I never feel attracted to guys anymore like I used to.

I‚Äôm talking to this one guy who seems lovely and would be my usual type back as a teen but from his dating app photos I‚Äôm not fantasizing and thinking about sex with him. I don‚Äôt feel excited about him sexually. Is this normal before you‚Äôve met and was what I feeling as a teen lust but as an adult who wants a relationship, what I‚Äôm feeling now is more normal?

I wanna feel that burning desire like I used to, it felt so exciting",/r/dating_advice/comments/ojzdeq/girls_do_you_feel_sexual_desire_for_a_man_even/,6
58,omg93b,dating_advice,Sun Jul 18 03:40:05 2021,Why am I not getting anywhere with men on dating apps?,"I'm 30, african American female who is decent shape with a pretty face or what everyone tells me. 

I get tons of matches...I mean a LOT and mostly from black men. After matching I text and say hello and although many of them respond back and we get into conversation and about 20 minutes in the conversation they just stop talking to me. I don't get it. As far as I know the conversation is going great and they ask foe my number but after texting or talking on the phone for a little bit their responses start slowing down and then they stop.

I try to be as interesting, but also honest as I can. 
The guys that do want to meet me really bad just want to hook up and have sex.

Maybe I'm ugly? Do I too quick and fast? Should I act more uninterested?",/r/dating_advice/comments/omg93b/why_am_i_not_getting_anywhere_with_men_on_dating/,12
15,or5vi7,dating_advice,Sun Jul 25 08:39:17 2021,"How to go about dating, after booking plans for next week?","I went on a great first date with a girl who recently moved to my area, spending basically the entire day from 8am-11pm together. We made out but didn‚Äôt have sex. We planned to go on a weekend trip together 2 weeks later. I  booked the accommodations and tickets on Friday but today she just texted me that she would be busy Sunday (I figured we could just hang out for a second date a week before the trip). 

She told me that she was going to sleep late, go shop, and get food with a neighbor she had met. I asked if it was dinner, and I told her to be careful about drinking. She didn‚Äôt answer that and said she would be careful. 

Obviously we aren‚Äôt in a relationship, but I just don‚Äôt feel right going on the trip now. Like if she ends up having sex with the neighbor I have no chance since I‚Äôm 30 minutes away. I appreciate her honesty, but I don‚Äôt know if she is trustworthy. When we met she told me she had a boyfriend, but when we spent all day together she later claimed that boyfriend couldn‚Äôt wait for her if she left the country and they weren‚Äôt together (she is from Latin America). I figured a FWB might be good, traveling together and having sex, but idk if can do it if she starts seeing other guys. I‚Äôm not seeing anyone else at the moment, what do you guys think? Did I waste $200 lol?",/r/dating_advice/comments/or5vi7/how_to_go_about_dating_after_booking_plans_for/,13
27,os8ynr,dating_advice,Tue Jul 27 00:47:56 2021,Dating advice,"I never dated a guy let alone kiss a guy. I like white men but my family don‚Äôt approve of any of there girls dating a white man or marry one. We‚Äôre I stay is mainly African Americans. I mean I stayed a virgin just because I couldn‚Äôt find any one around my type. It‚Äôs just hard all my friends think I‚Äôm lame because I don‚Äôt do anything don‚Äôt smoke, don‚Äôt have sex, don‚Äôt go out. My life is a bored depressed piece of shit",/r/dating_advice/comments/os8ynr/dating_advice/,4
30,otkbp7,dating_advice,Thu Jul 29 01:12:17 2021,Honest Dating Advice for Men Part 6 (Being Attractive),"Hello again! I've done quite a few articles on how to get out there and start dating, either again or for the first time and I've gotten some positive feedback so today I am going to cover something that I am sure will get some downvotes but I don't mind. Hopefully it helps out the community.

I'm talking about how to be attractive.

I'm going to skip the psychological stuff but obviously being confident, being yourself, being open and honest and (mostly) direct with people is half the battle. Maybe more than half depending on the person. You should always strive to be genuine.

With that covered what if you are doing and being all those things but you are not succeeding in your dating area or maybe you actually are just looking for some pretty superficial encounters, that is totally fine. I don't know why people act like that is a bad thing. Its not like you are tricking or manipulating anyone, if you both swipe right and you both know what's up then have fun.

With all that being said I can state for a fact that several old ladies at the supermarket have called me handsome so here are my secrets.

1. Get comfortable being naked. If the only time you are ever naked is the shower and having sex then just getting naked is going to cause you some anxiety or make you self-conscious. If you live alone just get in the habit of walking around naked, walk in front of mirror, see yourself when you're not posing. Being naked shouldn't be weird to you, get used to what you look like. Its a strange little trick but you will be surprised.
2. Humans are animals and animals look for other animals that are healthy. You want to look healthy and be healthy. Key indicators of health are energy level, hair, skin, teeth, and nails. These are the parts of our body we show the world.
3. Energy level. You want to project a level of vitality, good sleep, a good diet, and a positive outlook will all help with this and people will notice.
4. Hair. I'm not going to tell you what you should do with your hair when it comes to style but whatever it is it should have a healthy texture (if you are dying it a lot then this is really unlikely to be the case because dying you hair damages it. It does. I mean it just does damage it.) If you are going grey (mine sure is) then just let go grey. You would be surprised how much a lot of people like that. I get compliments on my hair all the time and have even been accused a few times of dying it that way on purpose. Don't shy away from your greys. If you are a man and you are starting to go bald there has been a lot of advancement in the science behind fighting hair loss. Do some research, you will be amazed. If you're a man and you are going hardcore bald then you should absolutely shave your head. Hanging on after the battle is lost looks terrible to everyone around you. Shaving your head is way better. If you have ever asked yourself ""can people tell I'm going bald?"" then they can tell. If you are a woman and your are starting to go bald then there is a lot of science behind fighting that as well, I won't tell you what is beautiful but if it is bothering you don't ignore it. There are a lot of options out there.
5. Skin. Skin is a combination of what goes in it and what goes on it. Try to eat a clean diet (I will go into healthy eating in another article), drink plenty of water, and keep products that come in contact with your skin to a minimum. I realized when I counted my shampoo, my conditioner, my two hair products, my toothpaste, that was 5 products right off the bat. Try not to wear makeup products all the time, let you skin breath and reset as often as possible. If you have severe acne then you can consult with your doctor about some treatment options, this isn't something that you should just have to deal with forever. Stress affects your skin a lot but there is a good chance you are already doing what you can about that, stress can be hard to avoid. If you are having skin issues you should be consulting a DERMATOLOGIST, not an online quiz or the label in the store. Getting good sleep is going to help you a lot.
6. Teeth. You absolutely don't need to have perfect teeth and they don't need to be that pure porcelain white. What you do want is to look like you are healthy and have had good healthcare and you take care of yourself. If your teeth are just super jacked then I would consider braces or a braces alternative (there are many). It is an investment that will be with you for the rest of your life, it can even aid in your quality of life by making it easier to enjoy foods. If your teeth are only a little crooked I wouldn't worry about that at all, it adds a little character and makes you more relatable and approachable if anything. When it comes to whiteness just look in the mirror and ask yourself if your teeth look like teeth. If they do you are probably good, if you smoke, drink a lot of red wine, coffee, or they are stained from something else then pickup those whitening strips they sell at the supermarket and plop those on for like a month. Its a small effort, small cost investment. It'll be a nice little self-esteem boost, don't overthink it. I whitened my teeth after I quit smoking and it was very empowering, it felt like I was taking my body back.
7. Nails. If you are a man you want to have your nails neatly trimmed at all times. I've heard girls say that they hated seeing any white on a man's nails. Seems a little harsh to me but I keep my nails taken care of and that works for me. You don't need a manicure, just trim your nails when they are getting long. If you bite your nails (I had a terrible time with that for a long time) then you want to break that habit. Its not good for you and some people might even consider this a sign of some underlying mental issues. I wouldn't go anywhere near that far but understand some people are going to read into that. If you have anything going on with your nails, like ridges or spots understand those are symptoms and should be discussed with your doctor. It can be a lot of things from malnutrition to much more serious conditions. I am absolutely not a doctor and I am not giving medical advice, if you see something going on with your nails you should bring it to the attention of your doctor. If you are a woman you should do your nails however you want. I don't know if those pointy artificial nails are becoming a thing now or not, maybe they are.

Moving on past the basics.

1. Exercise. You want to have exercise somewhere in your weekly routine. Its not always about weight loss, exercise makes you much healthier and that is going to bleed through in a lot of places. 3 times a week for about an 1 hour each time should really have you covered. What if you want to get really ripped? You can do it, I totally did but understand that it takes an enormous amount of time and effort. If you want to look like a action star then remember those guys got paid to just workout non-stop for 6 months, sometimes even with steroids and they weren't in bad shape to begin with. When I was super ripped I worked out everyday, some days it was only a few hours, some it was 4-6 hours, and some days I would just get up and start working out and workout the entire day. Your diet has to be pretty much perfect too and that's a whole other article.
2. Clothing. The most important part of what you wear is ensuring that it fits you properly. Don't buy clothes with the idea that you will fit into them later, if your body changes shape then you can look forward to tossing those clothes out then. It will be nice and cathartic. 
3. After fit you should strongly consider having something in your outfit that pops, like a bold tie if you are being formal, or a nice watch, or even some brightly colored shoes. This gives the eye something to look at, the trick is to keep your other items matte. If you have 3 or 4 eye-catching pieces you might be fun to look at or even give people a smile or a chuckle but you probably won't be taken seriously. Your clothes should look new and fresh, no stains or holes. I live in America and I can tell you that depending on where you live you can get articles of clothing for a few dollars so having really rundown looking clothes is a red flag for most people. Feel free to swoop through thrift stores if you are skinny on the dollars, I've found some great stuff. 
4. Your clothes should be appropriate to the season, you don't need to be wearing a leather coat in the middle of the summer in the south. Don't wear cargo shorts or cargo pants. Baseball caps are cool to wear but that is pretty much the only type of hat you can wear that isn't based around keeping your head warm. There are tons of cool sunglasses, don't know what to pick? Aviators are always a good choice. Big is good, small is problematic. You don't want to look like Morpheus from the Matrix.
5. Regardless of your level or ripped to unrippedness your clothes need to fit. This is really important.
6. If you can't grow a beard please give up. You'll know a few weeks after trying, all those beard oils and balms are made-up, they don't do anything, your beard is not a forest. If you can grow a beard rock on, I would recommend keeping it relatively short but women like all kinds of beards. There was a time when there were a lot of different combinations of facial hair that were in style but we are pretty much down to just full beards at this stage in the game.

In summary regardless of your genes, if you exercise regularly, you have healthy looking teeth that are reasonably white, a bit of a tan, clear skin, healthy hair, and clothes that make sense for your environment and that fit you then you can't go wrong. You have maxed your physical attractiveness. 

Remember at the end of the day this is about feeling good about yourself and feeling good about who you are. Your appearance doesn't need to have anything to do with that but we are all human and if it does and if you decide you want to work on something and people shit on you about it then you should probably not hangout with those people. This should be about you.

If you want to read some of my other articles I have linked them below.

[https://www.reddit.com/r/dating\_advice/comments/opwol5/honest\_dating\_advice\_for\_men\_my\_first\_post\_ever/](https://www.reddit.com/r/dating_advice/comments/opwol5/honest_dating_advice_for_men_my_first_post_ever/)

[https://www.reddit.com/r/dating\_advice/comments/or3m42/honest\_dating\_advice\_for\_men\_part\_2\_my\_second/](https://www.reddit.com/r/dating_advice/comments/or3m42/honest_dating_advice_for_men_part_2_my_second/)

[https://www.reddit.com/r/dating\_advice/comments/ormelu/dating\_advice\_for\_men\_part\_3\_payingsplitting\_the/](https://www.reddit.com/r/dating_advice/comments/ormelu/dating_advice_for_men_part_3_payingsplitting_the/)

[https://www.reddit.com/r/dating\_advice/comments/os651f/honest\_dating\_advice\_for\_men\_part\_4\_asking/](https://www.reddit.com/r/dating_advice/comments/os651f/honest_dating_advice_for_men_part_4_asking/)

[https://www.reddit.com/r/dating\_advice/comments/ot0g9u/honest\_dating\_advice\_for\_men\_part\_5\_how\_to/](https://www.reddit.com/r/dating_advice/comments/ot0g9u/honest_dating_advice_for_men_part_5_how_to/)",/r/dating_advice/comments/otkbp7/honest_dating_advice_for_men_part_6_being/,9
76,ou7yln,dating_advice,Fri Jul 30 01:32:12 2021,"I dont understand why someone would want a ""submissive"" woman who ""does whatever you want""? 24M","Ive been made fun of for this. Called names and such for saying it just seems weird and wrong lol. 

""American women think too highly of themselves, you have to treat them badly to let them know you are better than them"" 

Honestly, what is the point in this, if women WANT me to be mean to them, then... ig im gonna never get laid. I just dont get why youd want this, ive even had people suggest to go overseas to find ""more submissive"" women who exist to ""please"" lol wtf does that even meannnn?! 

Also they tell me, you cant take advice from women, because... they will lie to make themselves seem morally good. When they really only care about looks and money. But, if women are people... why cant they tell you what they like themselves? 

Why would you want some submissive woman who does whatever you want? If that is the case, shouldnt you just marry a virtual assistant or something? I just dont understand. Human beings I think have their own opinions and feelings, which is what makes a relationship meaningful. 

Also, I get shamed for like, ok like ive never had sex, so forgive me if I dont know what im talking about; but I get shamed for wanting to do sexual things with women such as doing the oral stuff... like idk, sometimes I just wonder what its like to make a woman feel good sexually by doing that... idk if it actually works or whatever ive just seen it done and I thought maybe girls would like it. I just wonder what its like to make a woman feel good. 

Fuck, wow that was weird to say. 

Anyway, ive been told this makes women see me as beneath them... for some reason. Even complimenting them, it makes you a ""simp"" or you will get ""friend zoned"" as if being friends with women needs a term for it because its shameful. 

Why cant people take what women say at face value, I will tell you personally what I feel about sex, dating, and relationships. I assume if women are also human beings, they can also tell you about it as well. I dont think every motivation from women is to manipulate. It cant be possible. 

Also, that one word where women only date up because its their nature... personally idk. Ive been told I need to make more money by guys I used to talk to, if im ever going to be ""allowed"" to be with a woman, because im so ugly or whatever. 

So ive heard womens private area develops moisture from being aroused, im unsure exactly how that works, but I have been told im so ugly that it would be impossible for the moisture to develop. Therefore I need money. But then isnt sex just pointless if im that ugly? couldnt I have a relationship where there is no sex instead? Is sex a requirement for dating? 

Do people actually have to be physically attracted to you for you to date? 

im so frustrated... ugh",/r/dating_advice/comments/ou7yln/i_dont_understand_why_someone_would_want_a/,19
92,oud2js,dating_advice,Fri Jul 30 06:46:53 2021,Honest Dating Advice for Men Part 7 (Common Missteps),"Hello everyone! Well I made it a whole week and of posting an article a day, it feels really good to get back into writing and I really appreciate anyone who takes the time to read it. If this is the first of my posts you have read then for context I am a millennial and I'm not married, I'm an American living in the American South (although I've kind of lived everywhere.) Today I thought I would do a complication post of smaller things that I didn't think were necessarily large enough for their own posts. I say dating advice for men but I think most of this probably applies to anyone.

1. Ghosting. If you are getting ghosted after a few dates that isn't getting ghosted. That is just someone deciding it isn't worth pursuing. I think it is odd that some people seem to expect someone to take them out to diner and break up with them after a few dates. Move on brother. Getting ghosted means you come home and your apartment is half-empty. If this is happening to you a lot then chances are at some point the other person has decided to flee and sees you as unstable or dangerous. This may not even be accurate, you might be being misread but understand that person made a judgement call. I've known women who ghosted guys and it was almost always a safety issue.
2. Overcoming ""Nice Guy"" syndrome. If you find yourself always being the nice guy that gets left out or overlooked remember it has nothing to do with how nice or mean of a person you are. Being a little more of a jerk or negging or being a dick is literally the last thing that will help you. But fear not, this is very fixable. What I've seen tends to be happening is you are not being direct enough. I can almost guarantee it. Try and cultivate an attitude of being open and forward with people. Being direct doesn't mean forceful. It means you communicate your feelings with other people in a way that can be easily understood. Start doing that and your whole world is going to open up, it works with everyone. You will be amazed at how quickly your life will start to get better, just ask to be upgraded, tell the hostess you would like a table near the window, when someone asks what you want for your birthday or where you want to eat tell them truthfully. Its probably the single greatest moment of personal growth I've ever had. Again being direct doesn't mean forcing your personality on people, it doesn't mean being blunt or telling hard truths and it definitely doesn't mean its ok to bully people. Being direct means saying what you mean and telling people what you want to have happen.
3. I promise you are not too ugly. I have never seen the attractiveness of people who were single compared to people who were in couples have any correlation at all. Regardless of what your relationship goals are if you think only the hottest people are hooking up or getting married or having kids then just look around next time you are out. You are not too ugly, whatever your appearance is be happy and understand there is a reason why every porn site has about a billion different tabs. There is someone out there that thinks you are hot as hell. I promise.
4. You may be in a dating desert. I've been in environments where there really wasn't anyone worth going out with. If you are in a major city this is not the case but depending on where you are you could be really limited on options and that's ok, don't beat yourself up. I wouldn't recommend living there forever though.
5. You may actually be the problem. Its harsh but no one ever seems to consider it might be them and if you think about it since 1 person of the 2 is the problem almost every time and some times its both people then you really have a better than 50% chance of actually being at the root of the issue. If you find that people ghost you or stop texting back or disappear from your life as soon as they start getting to know you then you should really consider that you have something to do with what is happening. There is kind of a culture of toxic encouragement, understand that it doesn't benefit anyone to make enemies so just because your friends or people on the internet are telling you its all the other person's fault that might not be true. 
6. If you are really struggling then you should consider getting counseling. Its not like getting chemo, its not going to hurt you or be crazy expensive. If its not your fault then that's fine, a bad relationship or string of relationships can really mess with you, it doesn't have to be your fault to hurt you. I'll put myself out there and say I've gotten therapy multiple times in my life. I've gotten counseling when everything was going great, it helps cement in the good habits you have developed and understand what you are doing right as well. Its not all about trauma. If an athlete can see a therapist about a bad loss in a sport than you are more than justified in talking to someone about someone breaking your heart or abusing you emotionally.

I think I covered most of the topics people have asked about in the comments on my previous posts. Thank you for taking the time to read this and I hope some of you found this helpful. If you have something you want me to cover than you can always message me or leave a comment. I'll link my other posts.

[https://www.reddit.com/r/dating\_advice/comments/opwol5/honest\_dating\_advice\_for\_men\_my\_first\_post\_ever/](https://www.reddit.com/r/dating_advice/comments/opwol5/honest_dating_advice_for_men_my_first_post_ever/)

[https://www.reddit.com/r/dating\_advice/comments/or3m42/honest\_dating\_advice\_for\_men\_part\_2\_my\_second/](https://www.reddit.com/r/dating_advice/comments/or3m42/honest_dating_advice_for_men_part_2_my_second/)

[https://www.reddit.com/r/dating\_advice/comments/ormelu/dating\_advice\_for\_men\_part\_3\_payingsplitting\_the/](https://www.reddit.com/r/dating_advice/comments/ormelu/dating_advice_for_men_part_3_payingsplitting_the/)

[https://www.reddit.com/r/dating\_advice/comments/os651f/honest\_dating\_advice\_for\_men\_part\_4\_asking/](https://www.reddit.com/r/dating_advice/comments/os651f/honest_dating_advice_for_men_part_4_asking/)

[https://www.reddit.com/r/dating\_advice/comments/ot0g9u/honest\_dating\_advice\_for\_men\_part\_5\_how\_to/](https://www.reddit.com/r/dating_advice/comments/ot0g9u/honest_dating_advice_for_men_part_5_how_to/)

[https://www.reddit.com/r/dating\_advice/comments/otkbp7/honest\_dating\_advice\_for\_men\_part\_6\_being/](https://www.reddit.com/r/dating_advice/comments/otkbp7/honest_dating_advice_for_men_part_6_being/)",/r/dating_advice/comments/oud2js/honest_dating_advice_for_men_part_7_common/,4
96,oue3b8,dating_advice,Fri Jul 30 07:56:22 2021,I‚Äôm so confused and I don‚Äôt know what to do. How can I have casual sex without being scared?,"Hear me out. I (26f) a few years back about 1 month before I turnt 22 I started dating my childhood friend of nearly 15 years at that time. 

I‚Äôm not going into great great details about the relationship. But I was his side chick. I knew I was his side chick. I knew he had a GF. But sadly I was just blinded by the love and comfort he gave me. I always had a crush on him since we were kids.

 The secret relationship lasted 3 years. It was not healthy. Sadly like being blinded, I thought one day he would leave his gf for me. During the third year, that‚Äôs when the relationship took the biggest turn. He became more controlling of me. He wanted me to become someone that I didn‚Äôt want to become. He became manipulative saying things to me to stay with him. Like I said I am not going into too much detail because the list would go on and on. 

I knew at this point he was trying to make me become like his gf even though he kept telling me how much he hated her and couldn‚Äôt stand her. So finally I had the courage to end it right before lockdown. I also no longer talk to him as I don‚Äôt want him part of my life anymore.

For over a year I took time to myself and worked on myself. After long thinking and talking to my friends, they told I should finally step out of my comfort zone and trying dating or have casual sex. Regardless if it‚Äôs a FWB or a simple ONS. I still have my needs of course so I was down for that. 

Here‚Äôs where it gets hard for me. The asshole was my first. So I‚Äôve never been with anyone before or after him. But I can tell that the sex we had wasn‚Äôt that good. I know I can have someone pleasure me more better then him.

A friend of mines suggest to go out of town for one night to have a ONS, as she‚Äôs been wanting one too. I told her yes because I honestly don‚Äôt want a ONS here where I live simply cuz I just don‚Äôt want to run into them on the streets or have them stalk me.

I know it sounds crazy. Honestly I blame my mom from watching all the ID channel shows. Now I can‚Äôt help but wonder if me doing a FWB or ONS will lead me to having a stalker, obsession, or simply kidnap and murder the same night. 

I don‚Äôt have the right guy friends to do these type of things with simply cuz we never see each other like that.

I‚Äôm on tinder hoping for a new partner in life or a causal hook up. Somehow when I find someone who also wants a casual hook up, I can‚Äôt bring myself to swipe right. 

Also one last thing but I feel like another reason I can‚Äôt bring myself to do it is cuz I am simply attracted more towards Korean and Japanese men. Not being racist here. I am Mexican American. The guy I ‚Äúdated‚Äù was Mexican. I‚Äôm open to dating any race, but I simply been attracted to Korean and Japanese men since I was like 12. 

Look I know people will judge me from my post. I know what I did was bad and horrible. But I‚Äôm 26 now and I just want to live my life just a bit. So if you have anything negative to say then just don‚Äôt say it. I made a similar post about this situation not to long ago and got hated on a lot. I‚Äôm simply just asking for an advise.

All I want is a casual hookup that could lead to something or nothing at all without feeling scared and insecure. any advise??",/r/dating_advice/comments/oue3b8/im_so_confused_and_i_dont_know_what_to_do_how_can/,9
31,ojdawo,ask,Tue Jul 13 14:05:28 2021,Is It SeXual Harassment if A Man Asks You To Remove Articles Of Clothing w/o Your Consent?,"So i just had this weird encounter this morning.  
Some dude thought i was wearing a shirt that belonged to him (it didnt )  
i repeatedly told this guy that i owned t/ shirt but to no avail  
He demanded that i strip in front of him to prove that t/ shirt was mine  
This request made me feel uncomfortable like he was low key trying to molest me  
Is this normal behavior? For men to demand other men strip out of their clothes?  
i felt violated sexually and discriminated ethnically due to t/   
Historical context between our ethnicities (white american / black maroon) &lt;\_&lt;",/r/ask/comments/ojdawo/is_it_sexual_harassment_if_a_man_asks_you_to/,32
